game,url
מבוך,https://an-games.vercel.app/maze
TranClick - תרגום בקליק,https://tranclick.vercel.app
איקס-עיגול,https://nahman-shenfeld-469405.my.canva.site/omc-x-o
משחק הזיכרון,https://an-games.vercel.app/memory
מטוסים,https://an-games.vercel.app/airplanes
ריבועים זוהרים,https://an-games.vercel.app/Neon%20dodge
Watch-pro,https://an-games.vercel.app/Stream%20Pro
Murder black,https://an-games.vercel.app/Murder%20black
סביבת עריכת קוד משותפת,https://gemini.google.com/share/fbc6d95d7fbc
ארבע בריבוע,https://share.gemini.google/H1Q4H3HLF1Im
PixelArt Space,https://gemini.google.com/share/51453db1c621
סמיילים זוהרים,https://meirkids.co.il/uploadgames/55/NEON_SMILEY_DASH_MAIN/?0.3
3 דקות לברוח,https://meirkids.co.il/uploadgames/55/MinuteMissionC32026/?0.3
מבוך החתול,https://meirkids.co.il/uploadgames/55/3d-maze-cat-production/?0.3
כיבוי אורות,https://meirkids.co.il/uploadgames/55/SwitchOffC3/?0.3
רובוט רובוט,https://meirkids.co.il/uploadgames/55/WakeUpBotC3/?0.3
איש שור כלב רוח,https://meirkids.co.il/uploadgames/55/DungeonAdventurersC326?0.3
פסנתר וירטואלי,https://meirkids.co.il/uploadgames/55/VirtuPianoPianoC3/?0.3
הוראות שימוש לכל המשחקים,https://nahman-shenfeld-469405.my.canva.site/omc/instructions-for-use
צור קשר,https://nahman-shenfeld-469405.my.canva.site/contact
